{"new_avg": 182.387760306, "domload_max": 13798, "srvload_avg": 320.139736507, "idle_cnt": 11765, "new_min": 7, "write_avg": 26.3508712282, "new_max": 770, "people_cnt": 11765, "cnt": 0, "domload_cnt": 11765, "write_cnt": 11765, "srvload_max": 15331, "write_min": 0, "read_max": 1166, "return_min": 24, "srvload_min": 66, "idle_max": 2692, "return_avg": 1069.95333617, "write_max": 99, "new_cnt": 11765, "domload_avg": 7580.78368041, "return_max": 3376, "idle_min": 16, "people_avg": 1252.34109647, "people_min": 31, "read_min": 5, "srvload_cnt": 11765, "people_max": 3742, "domload_min": 4396, "read_avg": 332.336506587, "idle_avg": 893.650063748, "read_cnt": 11765, "return_cnt": 11765}